{"cameraMode":{"drawMode":0,"name":"Shaded","section":"Shading Mode"},"sceneLighting":true,"audioPlay":false,"sceneViewState":{"showFog":true,"showMaterialUpdate":false,"showSkybox":true,"showFlares":true,"showImageEffects":true,"showParticleSystems":true},"in2DMode":false,"pivot":{"x":224.0666046142578,"y":-255.32647705078126,"z":307.5298767089844},"rotation":{"x":-0.5285266041755676,"y":0.05771162733435631,"z":-0.03604670986533165,"w":-0.8461853861808777},"size":885.6553344726563,"orthographic":false}