{"cameraMode":{"drawMode":0,"name":"Shaded","section":"Shading Mode"},"sceneLighting":false,"audioPlay":false,"sceneViewState":{"showFog":true,"showMaterialUpdate":false,"showSkybox":true,"showFlares":true,"showImageEffects":true,"showParticleSystems":true},"in2DMode":false,"pivot":{"x":-0.0013408660888671876,"y":0.49354445934295657,"z":-0.00010091066360473633},"rotation":{"x":-0.20224632322788239,"y":-0.6487275958061218,"z":0.18479712307453156,"w":-0.7099993228912354},"size":12.479052543640137,"orthographic":false}