{"cameraMode":{"drawMode":0,"name":"Shaded","section":"Shading Mode"},"sceneLighting":false,"audioPlay":false,"sceneViewState":{"showFog":true,"showMaterialUpdate":false,"showSkybox":true,"showFlares":true,"showImageEffects":true,"showParticleSystems":true},"in2DMode":false,"pivot":{"x":0.0,"y":5.034765720367432,"z":2.384185791015625e-7},"rotation":{"x":0.04702272266149521,"y":-0.9327800869941711,"z":0.33205869793891909,"w":0.13208797574043275},"size":38.967342376708987,"orthographic":false}