{"cameraMode":{"drawMode":0,"name":"Shaded","section":"Shading Mode"},"sceneLighting":false,"audioPlay":false,"sceneViewState":{"showFog":true,"showMaterialUpdate":false,"showSkybox":true,"showFlares":true,"showImageEffects":true,"showParticleSystems":true},"in2DMode":false,"pivot":{"x":6.255307674407959,"y":5.769400596618652,"z":-10.103659629821778},"rotation":{"x":0.10121316462755203,"y":0.7124338150024414,"z":-0.10505063086748123,"w":0.6864097118377686},"size":83.43635559082031,"orthographic":false}