{"cameraMode":{"drawMode":0,"name":"Shaded","section":"Shading Mode"},"sceneLighting":false,"audioPlay":false,"sceneViewState":{"showFog":true,"showMaterialUpdate":false,"showSkybox":true,"showFlares":true,"showImageEffects":true,"showParticleSystems":true},"in2DMode":false,"pivot":{"x":-3.5762786865234377e-7,"y":0.0,"z":3.5762786865234377e-7},"rotation":{"x":-0.018405545502901079,"y":0.9287917017936707,"z":-0.3672058582305908,"w":-0.04655197262763977},"size":6.4669036865234379,"orthographic":false}