{"cameraMode":{"drawMode":0,"name":"Shaded","section":"Shading Mode"},"sceneLighting":false,"audioPlay":false,"sceneViewState":{"showFog":true,"showMaterialUpdate":false,"showSkybox":true,"showFlares":true,"showImageEffects":true,"showParticleSystems":true},"in2DMode":false,"pivot":{"x":34.955322265625,"y":0.9775214791297913,"z":49.18695068359375},"rotation":{"x":0.006222440395504236,"y":-0.8964031338691711,"z":0.44301754236221316,"w":0.012580597773194313},"size":1610.85498046875,"orthographic":false}